#motif_id	gene_name	motif_similarity_qvalue	orthologous_identity	description
Zbtb6_glue	Zbtb6	0.0	1.0	placeholder
Osr2_glue	Osr2	0.0	1.0	placeholder
Pou2f3_glue	Pou2f3	0.0	1.0	placeholder
Eomes_glue	Eomes	0.0	1.0	placeholder
Tbr1_glue	Tbr1	0.0	1.0	placeholder
Tbx2_glue	Tbx2	0.0	1.0	placeholder
Tbx21_glue	Tbx21	0.0	1.0	placeholder
Rreb1_glue	Rreb1	0.0	1.0	placeholder
Klf15_glue	Klf15	0.0	1.0	placeholder
Gli3_glue	Gli3	0.0	1.0	placeholder
Egr4_glue	Egr4	0.0	1.0	placeholder
Egr3_glue	Egr3	0.0	1.0	placeholder
Egr1_glue	Egr1	0.0	1.0	placeholder
Wt1_glue	Wt1	0.0	1.0	placeholder
Egr2_glue	Egr2	0.0	1.0	placeholder
Klf9_glue	Klf9	0.0	1.0	placeholder
Zbtb14_glue	Zbtb14	0.0	1.0	placeholder
Sp3_glue	Sp3	0.0	1.0	placeholder
Sp8_glue	Sp8	0.0	1.0	placeholder
Sp9_glue	Sp9	0.0	1.0	placeholder
Klf11_glue	Klf11	0.0	1.0	placeholder
Klf16_glue	Klf16	0.0	1.0	placeholder
Klf1_glue	Klf1	0.0	1.0	placeholder
Klf10_glue	Klf10	0.0	1.0	placeholder
Klf12_glue	Klf12	0.0	1.0	placeholder
Klf2_glue	Klf2	0.0	1.0	placeholder
Klf7_glue	Klf7	0.0	1.0	placeholder
Sp4_glue	Sp4	0.0	1.0	placeholder
Zfp768_glue	Zfp768	0.0	1.0	placeholder
Gm10037_glue	Gm10037	0.0	1.0	placeholder
Zfp281_glue	Zfp281	0.0	1.0	placeholder
Zfp282_glue	Zfp282	0.0	1.0	placeholder
Neurod2_glue	Neurod2	0.0	1.0	placeholder
Olig2_glue	Olig2	0.0	1.0	placeholder
Zfp667_glue	Zfp667	0.0	1.0	placeholder
Zic3_glue	Zic3	0.0	1.0	placeholder
Zfp263_glue	Zfp263	0.0	1.0	placeholder
Sp1_glue	Sp1	0.0	1.0	placeholder
Klf4_glue	Klf4	0.0	1.0	placeholder
Irf3_glue	Irf3	0.0	1.0	placeholder
Irf1_glue	Irf1	0.0	1.0	placeholder
Irf7_glue	Irf7	0.0	1.0	placeholder
Zfp14_glue	Zfp14	0.0	1.0	placeholder
Tfcp2_glue	Tfcp2	0.0	1.0	placeholder
Vdr_glue	Vdr	0.0	1.0	placeholder
Spi1_glue	Spi1	0.0	1.0	placeholder
Zkscan1_glue	Zkscan1	0.0	1.0	placeholder
Bnc2_glue	Bnc2	0.0	1.0	placeholder
Tcf12_glue	Tcf12	0.0	1.0	placeholder
Zeb1_glue	Zeb1	0.0	1.0	placeholder
Ebf1_glue	Ebf1	0.0	1.0	placeholder
Ebf2_glue	Ebf2	0.0	1.0	placeholder
Ebf3_glue	Ebf3	0.0	1.0	placeholder
Spz1_glue	Spz1	0.0	1.0	placeholder
Gata6_glue	Gata6	0.0	1.0	placeholder
Stat4_glue	Stat4	0.0	1.0	placeholder
Stat5a_glue	Stat5a	0.0	1.0	placeholder
Stat1_glue	Stat1	0.0	1.0	placeholder
Stat3_glue	Stat3	0.0	1.0	placeholder
Zscan29_glue	Zscan29	0.0	1.0	placeholder
Tbx18_glue	Tbx18	0.0	1.0	placeholder
Tbx3_glue	Tbx3	0.0	1.0	placeholder
Zfp574_glue	Zfp574	0.0	1.0	placeholder
Klf5_glue	Klf5	0.0	1.0	placeholder
Yy1_glue	Yy1	0.0	1.0	placeholder
Tcf7l2_glue	Tcf7l2	0.0	1.0	placeholder
Gata4_glue	Gata4	0.0	1.0	placeholder
Erg_glue	Erg	0.0	1.0	placeholder
Etv1_glue	Etv1	0.0	1.0	placeholder
Gabpa_glue	Gabpa	0.0	1.0	placeholder
Ppard_glue	Ppard	0.0	1.0	placeholder
Nr2c2_glue	Nr2c2	0.0	1.0	placeholder
Nr2f6_glue	Nr2f6	0.0	1.0	placeholder
Rxra_glue	Rxra	0.0	1.0	placeholder
Spib_glue	Spib	0.0	1.0	placeholder
Elf1_glue	Elf1	0.0	1.0	placeholder
Zkscan5_glue	Zkscan5	0.0	1.0	placeholder
Tcf3_glue	Tcf3	0.0	1.0	placeholder
Zfp652_glue	Zfp652	0.0	1.0	placeholder
Zfp189_glue	Zfp189	0.0	1.0	placeholder
Myb_glue	Myb	0.0	1.0	placeholder
Mef2c_glue	Mef2c	0.0	1.0	placeholder
Mef2a_glue	Mef2a	0.0	1.0	placeholder
Prdm1_glue	Prdm1	0.0	1.0	placeholder
Tcf4_glue	Tcf4	0.0	1.0	placeholder
Mafg_glue	Mafg	0.0	1.0	placeholder
Foxb1_glue	Foxb1	0.0	1.0	placeholder
Phox2b_glue	Phox2b	0.0	1.0	placeholder
Lin54_glue	Lin54	0.0	1.0	placeholder
Prdm5_glue	Prdm5	0.0	1.0	placeholder
Zfp384_glue	Zfp384	0.0	1.0	placeholder
Nr5a1_glue	Nr5a1	0.0	1.0	placeholder
Zfp275_glue	Zfp275	0.0	1.0	placeholder
Pou6f2_glue	Pou6f2	0.0	1.0	placeholder
Zfp317_glue	Zfp317	0.0	1.0	placeholder
Stat2_glue	Stat2	0.0	1.0	placeholder
Neurog2_glue	Neurog2	0.0	1.0	placeholder
Atoh1_glue	Atoh1	0.0	1.0	placeholder
Nrf1_glue	Nrf1	0.0	1.0	placeholder
Tcfl5_glue	Tcfl5	0.0	1.0	placeholder
Foxa3_glue	Foxa3	0.0	1.0	placeholder
Foxk2_glue	Foxk2	0.0	1.0	placeholder
Foxo1_glue	Foxo1	0.0	1.0	placeholder
Foxp1_glue	Foxp1	0.0	1.0	placeholder
Foxp2_glue	Foxp2	0.0	1.0	placeholder
Foxc1_glue	Foxc1	0.0	1.0	placeholder
Foxe1_glue	Foxe1	0.0	1.0	placeholder
Foxj3_glue	Foxj3	0.0	1.0	placeholder
Pbx2_glue	Pbx2	0.0	1.0	placeholder
Spic_glue	Spic	0.0	1.0	placeholder
Zfp143_glue	Zfp143	0.0	1.0	placeholder
Gfi1_glue	Gfi1	0.0	1.0	placeholder
Zfp335_glue	Zfp335	0.0	1.0	placeholder
Meox2_glue	Meox2	0.0	1.0	placeholder
Thap1_glue	Thap1	0.0	1.0	placeholder
Nfe2l2_glue	Nfe2l2	0.0	1.0	placeholder
Ctcf_glue	Ctcf	0.0	1.0	placeholder
Scrt1_glue	Scrt1	0.0	1.0	placeholder
Scrt2_glue	Scrt2	0.0	1.0	placeholder
Dmrta1_glue	Dmrta1	0.0	1.0	placeholder
Dmrta2_glue	Dmrta2	0.0	1.0	placeholder
Thap11_glue	Thap11	0.0	1.0	placeholder
Thra_glue	Thra	0.0	1.0	placeholder
Usf1_glue	Usf1	0.0	1.0	placeholder
Pbx3_glue	Pbx3	0.0	1.0	placeholder
Pknox1_glue	Pknox1	0.0	1.0	placeholder
Pou4f1_glue	Pou4f1	0.0	1.0	placeholder
Tcp1_glue	Tcp1	0.0	1.0	placeholder
Klf6_glue	Klf6	0.0	1.0	placeholder
Ikzf1_glue	Ikzf1	0.0	1.0	placeholder
Ikzf3_glue	Ikzf3	0.0	1.0	placeholder
Ehf_glue	Ehf	0.0	1.0	placeholder
Zfp78_glue	Zfp78	0.0	1.0	placeholder
E2f6_glue	E2f6	0.0	1.0	placeholder
Klf17_glue	Klf17	0.0	1.0	placeholder
Elf5_glue	Elf5	0.0	1.0	placeholder
Ctcfl_glue	Ctcfl	0.0	1.0	placeholder
Zbtb18_glue	Zbtb18	0.0	1.0	placeholder
Nr1d1_glue	Nr1d1	0.0	1.0	placeholder
Pbx1_glue	Pbx1	0.0	1.0	placeholder
Maff_glue	Maff	0.0	1.0	placeholder
Plag1_glue	Plag1	0.0	1.0	placeholder
Nfat5_glue	Nfat5	0.0	1.0	placeholder
Rbpj_glue	Rbpj	0.0	1.0	placeholder
Prdm15_glue	Prdm15	0.0	1.0	placeholder
Tfcp2l1_glue	Tfcp2l1	0.0	1.0	placeholder
Gata3_glue	Gata3	0.0	1.0	placeholder
Trps1_glue	Trps1	0.0	1.0	placeholder
Stat5b_glue	Stat5b	0.0	1.0	placeholder
Atf4_glue	Atf4	0.0	1.0	placeholder
Tfap4_glue	Tfap4	0.0	1.0	placeholder
Gata2_glue	Gata2	0.0	1.0	placeholder
Nr6a1_glue	Nr6a1	0.0	1.0	placeholder
Tbx6_glue	Tbx6	0.0	1.0	placeholder
Rbpjl_glue	Rbpjl	0.0	1.0	placeholder
Pknox2_glue	Pknox2	0.0	1.0	placeholder
Tgif1_glue	Tgif1	0.0	1.0	placeholder
Tgif2_glue	Tgif2	0.0	1.0	placeholder
Nfic_glue	Nfic	0.0	1.0	placeholder
Nfix_glue	Nfix	0.0	1.0	placeholder
Creb3l2_glue	Creb3l2	0.0	1.0	placeholder
Max_glue	Max	0.0	1.0	placeholder
Mnt_glue	Mnt	0.0	1.0	placeholder
Zfp42_glue	Zfp42	0.0	1.0	placeholder
Tcf7_glue	Tcf7	0.0	1.0	placeholder
Tcf7l1_glue	Tcf7l1	0.0	1.0	placeholder
Bcl6b_glue	Bcl6b	0.0	1.0	placeholder
Elf2_glue	Elf2	0.0	1.0	placeholder
Elf4_glue	Elf4	0.0	1.0	placeholder
Nkx2-1_glue	Nkx2-1	0.0	1.0	placeholder
Zfp523_glue	Zfp523	0.0	1.0	placeholder
Sox10_glue	Sox10	0.0	1.0	placeholder
Zfp740_glue	Zfp740	0.0	1.0	placeholder
Runx1_glue	Runx1	0.0	1.0	placeholder
Pou6f1_glue	Pou6f1	0.0	1.0	placeholder
Osr1_glue	Osr1	0.0	1.0	placeholder
Tead1_glue	Tead1	0.0	1.0	placeholder
Hsf1_glue	Hsf1	0.0	1.0	placeholder
Creb3l4_glue	Creb3l4	0.0	1.0	placeholder
Patz1_glue	Patz1	0.0	1.0	placeholder
Maz_glue	Maz	0.0	1.0	placeholder
Zfp148_glue	Zfp148	0.0	1.0	placeholder
Sp5_glue	Sp5	0.0	1.0	placeholder
Hnf4a_glue	Hnf4a	0.0	1.0	placeholder
Hnf4g_glue	Hnf4g	0.0	1.0	placeholder
Mafk_glue	Mafk	0.0	1.0	placeholder
Nfya_glue	Nfya	0.0	1.0	placeholder
Nfyc_glue	Nfyc	0.0	1.0	placeholder
Tfap2a_glue	Tfap2a	0.0	1.0	placeholder
Tfap2c_glue	Tfap2c	0.0	1.0	placeholder
Esrra_glue	Esrra	0.0	1.0	placeholder
Rora_glue	Rora	0.0	1.0	placeholder
Esrrb_glue	Esrrb	0.0	1.0	placeholder
Esrrg_glue	Esrrg	0.0	1.0	placeholder
Mxi1_glue	Mxi1	0.0	1.0	placeholder
Mecom_glue	Mecom	0.0	1.0	placeholder
Atf3_glue	Atf3	0.0	1.0	placeholder
Fosl2_glue	Fosl2	0.0	1.0	placeholder
Satb1_glue	Satb1	0.0	1.0	placeholder
Rarg_glue	Rarg	0.0	1.0	placeholder
Prdm14_glue	Prdm14	0.0	1.0	placeholder
Nr1d2_glue	Nr1d2	0.0	1.0	placeholder
Abi3_glue	Abi3	0.0	1.0	placeholder
Hsf4_glue	Hsf4	0.0	1.0	placeholder
Zbtb12_glue	Zbtb12	0.0	1.0	placeholder
Zic2_glue	Zic2	0.0	1.0	placeholder
Zbtb7a_glue	Zbtb7a	0.0	1.0	placeholder
Hsf2_glue	Hsf2	0.0	1.0	placeholder
Hoxb13_glue	Hoxb13	0.0	1.0	placeholder
Cdx2_glue	Cdx2	0.0	1.0	placeholder
Hoxd13_glue	Hoxd13	0.0	1.0	placeholder
Nkx2-5_glue	Nkx2-5	0.0	1.0	placeholder
Rarb_glue	Rarb	0.0	1.0	placeholder
Rxrb_glue	Rxrb	0.0	1.0	placeholder
Rxrg_glue	Rxrg	0.0	1.0	placeholder
Crx_glue	Crx	0.0	1.0	placeholder
Alx4_glue	Alx4	0.0	1.0	placeholder
Lmx1b_glue	Lmx1b	0.0	1.0	placeholder
Batf3_glue	Batf3	0.0	1.0	placeholder
Hand2_glue	Hand2	0.0	1.0	placeholder
Zfp324_glue	Zfp324	0.0	1.0	placeholder
Plagl2_glue	Plagl2	0.0	1.0	placeholder
Glis2_glue	Glis2	0.0	1.0	placeholder
Thrb_glue	Thrb	0.0	1.0	placeholder
Zbtb7b_glue	Zbtb7b	0.0	1.0	placeholder
Zbtb7c_glue	Zbtb7c	0.0	1.0	placeholder
Klf3_glue	Klf3	0.0	1.0	placeholder
E2f7_glue	E2f7	0.0	1.0	placeholder
Tead2_glue	Tead2	0.0	1.0	placeholder
Tead4_glue	Tead4	0.0	1.0	placeholder
Pou4f2_glue	Pou4f2	0.0	1.0	placeholder
Nr2f1_glue	Nr2f1	0.0	1.0	placeholder
Plagl1_glue	Plagl1	0.0	1.0	placeholder
Insm1_glue	Insm1	0.0	1.0	placeholder
Mafb_glue	Mafb	0.0	1.0	placeholder
Cebpg_glue	Cebpg	0.0	1.0	placeholder
Srebf1_glue	Srebf1	0.0	1.0	placeholder
Srebf2_glue	Srebf2	0.0	1.0	placeholder
Irf6_glue	Irf6	0.0	1.0	placeholder
Nrg1_glue	Nrg1	0.0	1.0	placeholder
Rest_glue	Rest	0.0	1.0	placeholder
Zfp454_glue	Zfp454	0.0	1.0	placeholder
Rara_glue	Rara	0.0	1.0	placeholder
Zic5_glue	Zic5	0.0	1.0	placeholder
Ascl1_glue	Ascl1	0.0	1.0	placeholder
Myog_glue	Myog	0.0	1.0	placeholder
Bhlhe22_glue	Bhlhe22	0.0	1.0	placeholder
Rel_glue	Rel	0.0	1.0	placeholder
Rela_glue	Rela	0.0	1.0	placeholder
Nfkb1_glue	Nfkb1	0.0	1.0	placeholder
Nfkb2_glue	Nfkb2	0.0	1.0	placeholder
Lep_glue	Lep	0.0	1.0	placeholder
Irf9_glue	Irf9	0.0	1.0	placeholder
Irf4_glue	Irf4	0.0	1.0	placeholder
Irf5_glue	Irf5	0.0	1.0	placeholder
Sox11_glue	Sox11	0.0	1.0	placeholder
Sox4_glue	Sox4	0.0	1.0	placeholder
Gli1_glue	Gli1	0.0	1.0	placeholder
Gli2_glue	Gli2	0.0	1.0	placeholder
Nfyb_glue	Nfyb	0.0	1.0	placeholder
Gcm1_glue	Gcm1	0.0	1.0	placeholder
Mitf_glue	Mitf	0.0	1.0	placeholder
Bhlhe23_glue	Bhlhe23	0.0	1.0	placeholder
Atoh7_glue	Atoh7	0.0	1.0	placeholder
Neurog1_glue	Neurog1	0.0	1.0	placeholder
Creb1_glue	Creb1	0.0	1.0	placeholder
Zic4_glue	Zic4	0.0	1.0	placeholder
Zic1_glue	Zic1	0.0	1.0	placeholder
Irf2_glue	Irf2	0.0	1.0	placeholder
Sox8_glue	Sox8	0.0	1.0	placeholder
Nr2f2_glue	Nr2f2	0.0	1.0	placeholder
Nr4a1_glue	Nr4a1	0.0	1.0	placeholder
Zfp692_glue	Zfp692	0.0	1.0	placeholder
Trp53_glue	Trp53	0.0	1.0	placeholder
Trp73_glue	Trp73	0.0	1.0	placeholder
Sox17_glue	Sox17	0.0	1.0	placeholder
Ascl2_glue	Ascl2	0.0	1.0	placeholder
Myf6_glue	Myf6	0.0	1.0	placeholder
Nfib_glue	Nfib	0.0	1.0	placeholder
Nkx2-2_glue	Nkx2-2	0.0	1.0	placeholder
Twist1_glue	Twist1	0.0	1.0	placeholder
Rfx6_glue	Rfx6	0.0	1.0	placeholder
Msc_glue	Msc	0.0	1.0	placeholder
Dmrt1_glue	Dmrt1	0.0	1.0	placeholder
Esr2_glue	Esr2	0.0	1.0	placeholder
Tbx19_glue	Tbx19	0.0	1.0	placeholder
Nfatc1_glue	Nfatc1	0.0	1.0	placeholder
Nfatc4_glue	Nfatc4	0.0	1.0	placeholder
Mzf1_glue	Mzf1	0.0	1.0	placeholder
Dlx2_glue	Dlx2	0.0	1.0	placeholder
Dlx5_glue	Dlx5	0.0	1.0	placeholder
Zfp128_glue	Zfp128	0.0	1.0	placeholder
Foxd3_glue	Foxd3	0.0	1.0	placeholder
Pou1f1_glue	Pou1f1	0.0	1.0	placeholder
Meis2_glue	Meis2	0.0	1.0	placeholder
Tfap2b_glue	Tfap2b	0.0	1.0	placeholder
Tfap2e_glue	Tfap2e	0.0	1.0	placeholder
Nfatc2_glue	Nfatc2	0.0	1.0	placeholder
Nfatc3_glue	Nfatc3	0.0	1.0	placeholder
Bsx_glue	Bsx	0.0	1.0	placeholder
Prdm4_glue	Prdm4	0.0	1.0	placeholder
Alx1_glue	Alx1	0.0	1.0	placeholder
Mgp_glue	Mgp	0.0	1.0	placeholder
Bach2_glue	Bach2	0.0	1.0	placeholder
Fosl1_glue	Fosl1	0.0	1.0	placeholder
Junb_glue	Junb	0.0	1.0	placeholder
Jund_glue	Jund	0.0	1.0	placeholder
Fos_glue	Fos	0.0	1.0	placeholder
Jun_glue	Jun	0.0	1.0	placeholder
Klf13_glue	Klf13	0.0	1.0	placeholder
Pparg_glue	Pparg	0.0	1.0	placeholder
Zfp382_glue	Zfp382	0.0	1.0	placeholder
Pitx3_glue	Pitx3	0.0	1.0	placeholder
Six1_glue	Six1	0.0	1.0	placeholder
Six4_glue	Six4	0.0	1.0	placeholder
Srf_glue	Srf	0.0	1.0	placeholder
Lef1_glue	Lef1	0.0	1.0	placeholder
Noto_glue	Noto	0.0	1.0	placeholder
Vsx2_glue	Vsx2	0.0	1.0	placeholder
Stat6_glue	Stat6	0.0	1.0	placeholder
Zfp410_glue	Zfp410	0.0	1.0	placeholder
Isl1_glue	Isl1	0.0	1.0	placeholder
Zfp354a_glue	Zfp354a	0.0	1.0	placeholder
Smad2_glue	Smad2	0.0	1.0	placeholder
Hic2_glue	Hic2	0.0	1.0	placeholder
Mef2d_glue	Mef2d	0.0	1.0	placeholder
Vezf1_glue	Vezf1	0.0	1.0	placeholder
Snai2_glue	Snai2	0.0	1.0	placeholder
Snai3_glue	Snai3	0.0	1.0	placeholder
Nr4a2_glue	Nr4a2	0.0	1.0	placeholder
Grhl2_glue	Grhl2	0.0	1.0	placeholder
Zfp449_glue	Zfp449	0.0	1.0	placeholder
Sp2_glue	Sp2	0.0	1.0	placeholder
Sox5_glue	Sox5	0.0	1.0	placeholder
Sox6_glue	Sox6	0.0	1.0	placeholder
Sox13_glue	Sox13	0.0	1.0	placeholder
Sox9_glue	Sox9	0.0	1.0	placeholder
Zfp341_glue	Zfp341	0.0	1.0	placeholder
Rfx7_glue	Rfx7	0.0	1.0	placeholder
Batf_glue	Batf	0.0	1.0	placeholder
Bach1_glue	Bach1	0.0	1.0	placeholder
Nhlh2_glue	Nhlh2	0.0	1.0	placeholder
Nfia_glue	Nfia	0.0	1.0	placeholder
Pou4f3_glue	Pou4f3	0.0	1.0	placeholder
Esr1_glue	Esr1	0.0	1.0	placeholder
Hes1_glue	Hes1	0.0	1.0	placeholder
Dmrt3_glue	Dmrt3	0.0	1.0	placeholder
Nr1i3_glue	Nr1i3	0.0	1.0	placeholder
Sox21_glue	Sox21	0.0	1.0	placeholder
Isx_glue	Isx	0.0	1.0	placeholder
Tbp_glue	Tbp	0.0	1.0	placeholder
Zbtb32_glue	Zbtb32	0.0	1.0	placeholder
Snai1_glue	Snai1	0.0	1.0	placeholder
Maf_glue	Maf	0.0	1.0	placeholder
Mafa_glue	Mafa	0.0	1.0	placeholder
Glis3_glue	Glis3	0.0	1.0	placeholder
Nr3c1_glue	Nr3c1	0.0	1.0	placeholder
Nr3c2_glue	Nr3c2	0.0	1.0	placeholder
Msantd3_glue	Msantd3	0.0	1.0	placeholder
Meis1_glue	Meis1	0.0	1.0	placeholder
Foxk1_glue	Foxk1	0.0	1.0	placeholder
Foxo3_glue	Foxo3	0.0	1.0	placeholder
Foxa1_glue	Foxa1	0.0	1.0	placeholder
Foxq1_glue	Foxq1	0.0	1.0	placeholder
Otp_glue	Otp	0.0	1.0	placeholder
Barx2_glue	Barx2	0.0	1.0	placeholder
Gsc2_glue	Gsc2	0.0	1.0	placeholder
Sox15_glue	Sox15	0.0	1.0	placeholder
Rfx4_glue	Rfx4	0.0	1.0	placeholder
Pif1_glue	Pif1	0.0	1.0	placeholder
Mtf1_glue	Mtf1	0.0	1.0	placeholder
Hmbox1_glue	Hmbox1	0.0	1.0	placeholder
Rax_glue	Rax	0.0	1.0	placeholder
Arx_glue	Arx	0.0	1.0	placeholder
Lhx3_glue	Lhx3	0.0	1.0	placeholder
Pax7_glue	Pax7	0.0	1.0	placeholder
Pax3_glue	Pax3	0.0	1.0	placeholder
Arid3b_glue	Arid3b	0.0	1.0	placeholder
Pax1_glue	Pax1	0.0	1.0	placeholder
Pax9_glue	Pax9	0.0	1.0	placeholder
Pax2_glue	Pax2	0.0	1.0	placeholder
Relb_glue	Relb	0.0	1.0	placeholder
Figla_glue	Figla	0.0	1.0	placeholder
Pou2f1_glue	Pou2f1	0.0	1.0	placeholder
Pou2f2_glue	Pou2f2	0.0	1.0	placeholder
Pou3f1_glue	Pou3f1	0.0	1.0	placeholder
Pou3f2_glue	Pou3f2	0.0	1.0	placeholder
Pou3f4_glue	Pou3f4	0.0	1.0	placeholder
Six3_glue	Six3	0.0	1.0	placeholder
Nr2e1_glue	Nr2e1	0.0	1.0	placeholder
Onecut3_glue	Onecut3	0.0	1.0	placeholder
Tbx20_glue	Tbx20	0.0	1.0	placeholder
Atf2_glue	Atf2	0.0	1.0	placeholder
Bhlha15_glue	Bhlha15	0.0	1.0	placeholder
Phox2a_glue	Phox2a	0.0	1.0	placeholder
Nrl_glue	Nrl	0.0	1.0	placeholder
Hoxb9_glue	Hoxb9	0.0	1.0	placeholder
Hes7_glue	Hes7	0.0	1.0	placeholder
Glis1_glue	Glis1	0.0	1.0	placeholder
Hmx1_glue	Hmx1	0.0	1.0	placeholder
Hmx2_glue	Hmx2	0.0	1.0	placeholder
Lhx1_glue	Lhx1	0.0	1.0	placeholder
Emx2_glue	Emx2	0.0	1.0	placeholder
Evx2_glue	Evx2	0.0	1.0	placeholder
Gbx1_glue	Gbx1	0.0	1.0	placeholder
Lhx6_glue	Lhx6	0.0	1.0	placeholder
Mixl1_glue	Mixl1	0.0	1.0	placeholder
Ar_glue	Ar	0.0	1.0	placeholder
Rorc_glue	Rorc	0.0	1.0	placeholder
Runx3_glue	Runx3	0.0	1.0	placeholder
Jdp2_glue	Jdp2	0.0	1.0	placeholder
Nr1i2_glue	Nr1i2	0.0	1.0	placeholder
Cdx1_glue	Cdx1	0.0	1.0	placeholder
Rfx5_glue	Rfx5	0.0	1.0	placeholder
Nid1_glue	Nid1	0.0	1.0	placeholder
Nhlh1_glue	Nhlh1	0.0	1.0	placeholder
Twist2_glue	Twist2	0.0	1.0	placeholder
Hat1_glue	Hat1	0.0	1.0	placeholder
Spdef_glue	Spdef	0.0	1.0	placeholder
Hnf1a_glue	Hnf1a	0.0	1.0	placeholder
Dmbx1_glue	Dmbx1	0.0	1.0	placeholder
Gata1_glue	Gata1	0.0	1.0	placeholder
Nfil3_glue	Nfil3	0.0	1.0	placeholder
Hnf1b_glue	Hnf1b	0.0	1.0	placeholder
Dmrtc2_glue	Dmrtc2	0.0	1.0	placeholder
Hic1_glue	Hic1	0.0	1.0	placeholder
Camta1_glue	Camta1	0.0	1.0	placeholder
Olig1_glue	Olig1	0.0	1.0	placeholder
Hlf_glue	Hlf	0.0	1.0	placeholder
Tef_glue	Tef	0.0	1.0	placeholder
Gbx2_glue	Gbx2	0.0	1.0	placeholder
Arntl_glue	Arntl	0.0	1.0	placeholder
Tfec_glue	Tfec	0.0	1.0	placeholder
Usf2_glue	Usf2	0.0	1.0	placeholder
Arnt2_glue	Arnt2	0.0	1.0	placeholder
Bhlhe40_glue	Bhlhe40	0.0	1.0	placeholder
Bhlhe41_glue	Bhlhe41	0.0	1.0	placeholder
Mlx_glue	Mlx	0.0	1.0	placeholder
Mlxipl_glue	Mlxipl	0.0	1.0	placeholder
Tfe3_glue	Tfe3	0.0	1.0	placeholder
Tfeb_glue	Tfeb	0.0	1.0	placeholder
E2f8_glue	E2f8	0.0	1.0	placeholder
Zfx_glue	Zfx	0.0	1.0	placeholder
Creb3l1_glue	Creb3l1	0.0	1.0	placeholder
Npas2_glue	Npas2	0.0	1.0	placeholder
Clock_glue	Clock	0.0	1.0	placeholder
Sohlh2_glue	Sohlh2	0.0	1.0	placeholder
Zbtb33_glue	Zbtb33	0.0	1.0	placeholder
Zfp57_glue	Zfp57	0.0	1.0	placeholder
Elk4_glue	Elk4	0.0	1.0	placeholder
Hes5_glue	Hes5	0.0	1.0	placeholder
Hey1_glue	Hey1	0.0	1.0	placeholder
Hey2_glue	Hey2	0.0	1.0	placeholder
Rfx1_glue	Rfx1	0.0	1.0	placeholder
Rfx2_glue	Rfx2	0.0	1.0	placeholder
Rfx3_glue	Rfx3	0.0	1.0	placeholder
Sry_glue	Sry	0.0	1.0	placeholder
Creb3_glue	Creb3	0.0	1.0	placeholder
Xbp1_glue	Xbp1	0.0	1.0	placeholder
Lbx2_glue	Lbx2	0.0	1.0	placeholder
Prop1_glue	Prop1	0.0	1.0	placeholder
Cux1_glue	Cux1	0.0	1.0	placeholder
Cux2_glue	Cux2	0.0	1.0	placeholder
Atf6_glue	Atf6	0.0	1.0	placeholder
Prox1_glue	Prox1	0.0	1.0	placeholder
Trp63_glue	Trp63	0.0	1.0	placeholder
Cst6_glue	Cst6	0.0	1.0	placeholder
Bcl6_glue	Bcl6	0.0	1.0	placeholder
Npas4_glue	Npas4	0.0	1.0	placeholder
Yap1_glue	Yap1	0.0	1.0	placeholder
Atf7_glue	Atf7	0.0	1.0	placeholder
Creb5_glue	Creb5	0.0	1.0	placeholder
Hoxb3_glue	Hoxb3	0.0	1.0	placeholder
Ets2_glue	Ets2	0.0	1.0	placeholder
Cebpd_glue	Cebpd	0.0	1.0	placeholder
Runx2_glue	Runx2	0.0	1.0	placeholder
Pdp1_glue	Pdp1	0.0	1.0	placeholder
Hoxc13_glue	Hoxc13	0.0	1.0	placeholder
Arid5a_glue	Arid5a	0.0	1.0	placeholder
Mybl1_glue	Mybl1	0.0	1.0	placeholder
Hoxd11_glue	Hoxd11	0.0	1.0	placeholder
Hoxc12_glue	Hoxc12	0.0	1.0	placeholder
Hoxd12_glue	Hoxd12	0.0	1.0	placeholder
Cebpa_glue	Cebpa	0.0	1.0	placeholder
Nkx3-1_glue	Nkx3-1	0.0	1.0	placeholder
Crem_glue	Crem	0.0	1.0	placeholder
Gmeb1_glue	Gmeb1	0.0	1.0	placeholder
Elk3_glue	Elk3	0.0	1.0	placeholder
Elk1_glue	Elk1	0.0	1.0	placeholder
Erf_glue	Erf	0.0	1.0	placeholder
Ets1_glue	Ets1	0.0	1.0	placeholder
Etv3_glue	Etv3	0.0	1.0	placeholder
Etv4_glue	Etv4	0.0	1.0	placeholder
Etv5_glue	Etv5	0.0	1.0	placeholder
Fli1_glue	Fli1	0.0	1.0	placeholder
Etv6_glue	Etv6	0.0	1.0	placeholder
Far1_glue	Far1	0.0	1.0	placeholder
Tfdp1_glue	Tfdp1	0.0	1.0	placeholder
Ovol1_glue	Ovol1	0.0	1.0	placeholder
Ovol2_glue	Ovol2	0.0	1.0	placeholder
Etv2_glue	Etv2	0.0	1.0	placeholder
Nr2c1_glue	Nr2c1	0.0	1.0	placeholder
Pax5_glue	Pax5	0.0	1.0	placeholder
Hoxa11_glue	Hoxa11	0.0	1.0	placeholder
Grhl1_glue	Grhl1	0.0	1.0	placeholder
Meox1_glue	Meox1	0.0	1.0	placeholder
Pax6_glue	Pax6	0.0	1.0	placeholder
Lhx2_glue	Lhx2	0.0	1.0	placeholder
Alx3_glue	Alx3	0.0	1.0	placeholder
Hoxb7_glue	Hoxb7	0.0	1.0	placeholder
T_glue	T	0.0	1.0	placeholder
Smad3_glue	Smad3	0.0	1.0	placeholder
Smad5_glue	Smad5	0.0	1.0	placeholder
Rorb_glue	Rorb	0.0	1.0	placeholder
Zfp784_glue	Zfp784	0.0	1.0	placeholder
Sox12_glue	Sox12	0.0	1.0	placeholder
Hes6_glue	Hes6	0.0	1.0	placeholder
Dbp_glue	Dbp	0.0	1.0	placeholder
Camta2_glue	Camta2	0.0	1.0	placeholder
Onecut2_glue	Onecut2	0.0	1.0	placeholder
Arf4_glue	Arf4	0.0	1.0	placeholder
Hif1a_glue	Hif1a	0.0	1.0	placeholder
Mybl2_glue	Mybl2	0.0	1.0	placeholder
E2f2_glue	E2f2	0.0	1.0	placeholder
E2f3_glue	E2f3	0.0	1.0	placeholder
E2f4_glue	E2f4	0.0	1.0	placeholder
E2f1_glue	E2f1	0.0	1.0	placeholder
Hinfp_glue	Hinfp	0.0	1.0	placeholder
Barhl2_glue	Barhl2	0.0	1.0	placeholder
Hoxa9_glue	Hoxa9	0.0	1.0	placeholder
Hap1_glue	Hap1	0.0	1.0	placeholder
Cebpb_glue	Cebpb	0.0	1.0	placeholder
Zbtb6_supp	Zbtb6	0.0	1.0	placeholder
Osr2_supp	Osr2	0.0	1.0	placeholder
Pou2f3_supp	Pou2f3	0.0	1.0	placeholder
Eomes_supp	Eomes	0.0	1.0	placeholder
Tbr1_supp	Tbr1	0.0	1.0	placeholder
Tbx2_supp	Tbx2	0.0	1.0	placeholder
Tbx21_supp	Tbx21	0.0	1.0	placeholder
Rreb1_supp	Rreb1	0.0	1.0	placeholder
Klf15_supp	Klf15	0.0	1.0	placeholder
Gli3_supp	Gli3	0.0	1.0	placeholder
Egr4_supp	Egr4	0.0	1.0	placeholder
Egr3_supp	Egr3	0.0	1.0	placeholder
Egr1_supp	Egr1	0.0	1.0	placeholder
Wt1_supp	Wt1	0.0	1.0	placeholder
Egr2_supp	Egr2	0.0	1.0	placeholder
Klf9_supp	Klf9	0.0	1.0	placeholder
Zbtb14_supp	Zbtb14	0.0	1.0	placeholder
Sp3_supp	Sp3	0.0	1.0	placeholder
Sp8_supp	Sp8	0.0	1.0	placeholder
Sp9_supp	Sp9	0.0	1.0	placeholder
Klf11_supp	Klf11	0.0	1.0	placeholder
Klf16_supp	Klf16	0.0	1.0	placeholder
Klf1_supp	Klf1	0.0	1.0	placeholder
Klf10_supp	Klf10	0.0	1.0	placeholder
Klf12_supp	Klf12	0.0	1.0	placeholder
Klf2_supp	Klf2	0.0	1.0	placeholder
Klf7_supp	Klf7	0.0	1.0	placeholder
Sp4_supp	Sp4	0.0	1.0	placeholder
Zfp768_supp	Zfp768	0.0	1.0	placeholder
Gm10037_supp	Gm10037	0.0	1.0	placeholder
Zfp281_supp	Zfp281	0.0	1.0	placeholder
Zfp282_supp	Zfp282	0.0	1.0	placeholder
Neurod2_supp	Neurod2	0.0	1.0	placeholder
Olig2_supp	Olig2	0.0	1.0	placeholder
Zfp667_supp	Zfp667	0.0	1.0	placeholder
Zic3_supp	Zic3	0.0	1.0	placeholder
Zfp263_supp	Zfp263	0.0	1.0	placeholder
Sp1_supp	Sp1	0.0	1.0	placeholder
Klf4_supp	Klf4	0.0	1.0	placeholder
Irf3_supp	Irf3	0.0	1.0	placeholder
Irf1_supp	Irf1	0.0	1.0	placeholder
Irf7_supp	Irf7	0.0	1.0	placeholder
Zfp14_supp	Zfp14	0.0	1.0	placeholder
Tfcp2_supp	Tfcp2	0.0	1.0	placeholder
Vdr_supp	Vdr	0.0	1.0	placeholder
Spi1_supp	Spi1	0.0	1.0	placeholder
Zkscan1_supp	Zkscan1	0.0	1.0	placeholder
Bnc2_supp	Bnc2	0.0	1.0	placeholder
Tcf12_supp	Tcf12	0.0	1.0	placeholder
Zeb1_supp	Zeb1	0.0	1.0	placeholder
Ebf1_supp	Ebf1	0.0	1.0	placeholder
Ebf2_supp	Ebf2	0.0	1.0	placeholder
Ebf3_supp	Ebf3	0.0	1.0	placeholder
Spz1_supp	Spz1	0.0	1.0	placeholder
Gata6_supp	Gata6	0.0	1.0	placeholder
Stat4_supp	Stat4	0.0	1.0	placeholder
Stat5a_supp	Stat5a	0.0	1.0	placeholder
Stat1_supp	Stat1	0.0	1.0	placeholder
Stat3_supp	Stat3	0.0	1.0	placeholder
Zscan29_supp	Zscan29	0.0	1.0	placeholder
Tbx18_supp	Tbx18	0.0	1.0	placeholder
Tbx3_supp	Tbx3	0.0	1.0	placeholder
Zfp574_supp	Zfp574	0.0	1.0	placeholder
Klf5_supp	Klf5	0.0	1.0	placeholder
Yy1_supp	Yy1	0.0	1.0	placeholder
Tcf7l2_supp	Tcf7l2	0.0	1.0	placeholder
Gata4_supp	Gata4	0.0	1.0	placeholder
Erg_supp	Erg	0.0	1.0	placeholder
Etv1_supp	Etv1	0.0	1.0	placeholder
Gabpa_supp	Gabpa	0.0	1.0	placeholder
Ppard_supp	Ppard	0.0	1.0	placeholder
Nr2c2_supp	Nr2c2	0.0	1.0	placeholder
Nr2f6_supp	Nr2f6	0.0	1.0	placeholder
Rxra_supp	Rxra	0.0	1.0	placeholder
Spib_supp	Spib	0.0	1.0	placeholder
Elf1_supp	Elf1	0.0	1.0	placeholder
Zkscan5_supp	Zkscan5	0.0	1.0	placeholder
Tcf3_supp	Tcf3	0.0	1.0	placeholder
Zfp652_supp	Zfp652	0.0	1.0	placeholder
Zfp189_supp	Zfp189	0.0	1.0	placeholder
Myb_supp	Myb	0.0	1.0	placeholder
Mef2c_supp	Mef2c	0.0	1.0	placeholder
Mef2a_supp	Mef2a	0.0	1.0	placeholder
Prdm1_supp	Prdm1	0.0	1.0	placeholder
Tcf4_supp	Tcf4	0.0	1.0	placeholder
Mafg_supp	Mafg	0.0	1.0	placeholder
Foxb1_supp	Foxb1	0.0	1.0	placeholder
Phox2b_supp	Phox2b	0.0	1.0	placeholder
Lin54_supp	Lin54	0.0	1.0	placeholder
Prdm5_supp	Prdm5	0.0	1.0	placeholder
Zfp384_supp	Zfp384	0.0	1.0	placeholder
Nr5a1_supp	Nr5a1	0.0	1.0	placeholder
Zfp275_supp	Zfp275	0.0	1.0	placeholder
Pou6f2_supp	Pou6f2	0.0	1.0	placeholder
Zfp317_supp	Zfp317	0.0	1.0	placeholder
Stat2_supp	Stat2	0.0	1.0	placeholder
Neurog2_supp	Neurog2	0.0	1.0	placeholder
Atoh1_supp	Atoh1	0.0	1.0	placeholder
Nrf1_supp	Nrf1	0.0	1.0	placeholder
Tcfl5_supp	Tcfl5	0.0	1.0	placeholder
Foxa3_supp	Foxa3	0.0	1.0	placeholder
Foxk2_supp	Foxk2	0.0	1.0	placeholder
Foxo1_supp	Foxo1	0.0	1.0	placeholder
Foxp1_supp	Foxp1	0.0	1.0	placeholder
Foxp2_supp	Foxp2	0.0	1.0	placeholder
Foxc1_supp	Foxc1	0.0	1.0	placeholder
Foxe1_supp	Foxe1	0.0	1.0	placeholder
Foxj3_supp	Foxj3	0.0	1.0	placeholder
Pbx2_supp	Pbx2	0.0	1.0	placeholder
Spic_supp	Spic	0.0	1.0	placeholder
Zfp143_supp	Zfp143	0.0	1.0	placeholder
Gfi1_supp	Gfi1	0.0	1.0	placeholder
Zfp335_supp	Zfp335	0.0	1.0	placeholder
Meox2_supp	Meox2	0.0	1.0	placeholder
Thap1_supp	Thap1	0.0	1.0	placeholder
Nfe2l2_supp	Nfe2l2	0.0	1.0	placeholder
Ctcf_supp	Ctcf	0.0	1.0	placeholder
Scrt1_supp	Scrt1	0.0	1.0	placeholder
Scrt2_supp	Scrt2	0.0	1.0	placeholder
Dmrta1_supp	Dmrta1	0.0	1.0	placeholder
Dmrta2_supp	Dmrta2	0.0	1.0	placeholder
Thap11_supp	Thap11	0.0	1.0	placeholder
Thra_supp	Thra	0.0	1.0	placeholder
Usf1_supp	Usf1	0.0	1.0	placeholder
Pbx3_supp	Pbx3	0.0	1.0	placeholder
Pknox1_supp	Pknox1	0.0	1.0	placeholder
Pou4f1_supp	Pou4f1	0.0	1.0	placeholder
Tcp1_supp	Tcp1	0.0	1.0	placeholder
Klf6_supp	Klf6	0.0	1.0	placeholder
Ikzf1_supp	Ikzf1	0.0	1.0	placeholder
Ikzf3_supp	Ikzf3	0.0	1.0	placeholder
Ehf_supp	Ehf	0.0	1.0	placeholder
Zfp78_supp	Zfp78	0.0	1.0	placeholder
E2f6_supp	E2f6	0.0	1.0	placeholder
Klf17_supp	Klf17	0.0	1.0	placeholder
Elf5_supp	Elf5	0.0	1.0	placeholder
Ctcfl_supp	Ctcfl	0.0	1.0	placeholder
Zbtb18_supp	Zbtb18	0.0	1.0	placeholder
Nr1d1_supp	Nr1d1	0.0	1.0	placeholder
Pbx1_supp	Pbx1	0.0	1.0	placeholder
Maff_supp	Maff	0.0	1.0	placeholder
Plag1_supp	Plag1	0.0	1.0	placeholder
Nfat5_supp	Nfat5	0.0	1.0	placeholder
Rbpj_supp	Rbpj	0.0	1.0	placeholder
Prdm15_supp	Prdm15	0.0	1.0	placeholder
Tfcp2l1_supp	Tfcp2l1	0.0	1.0	placeholder
Gata3_supp	Gata3	0.0	1.0	placeholder
Trps1_supp	Trps1	0.0	1.0	placeholder
Stat5b_supp	Stat5b	0.0	1.0	placeholder
Atf4_supp	Atf4	0.0	1.0	placeholder
Tfap4_supp	Tfap4	0.0	1.0	placeholder
Gata2_supp	Gata2	0.0	1.0	placeholder
Nr6a1_supp	Nr6a1	0.0	1.0	placeholder
Tbx6_supp	Tbx6	0.0	1.0	placeholder
Rbpjl_supp	Rbpjl	0.0	1.0	placeholder
Pknox2_supp	Pknox2	0.0	1.0	placeholder
Tgif1_supp	Tgif1	0.0	1.0	placeholder
Tgif2_supp	Tgif2	0.0	1.0	placeholder
Nfic_supp	Nfic	0.0	1.0	placeholder
Nfix_supp	Nfix	0.0	1.0	placeholder
Creb3l2_supp	Creb3l2	0.0	1.0	placeholder
Max_supp	Max	0.0	1.0	placeholder
Mnt_supp	Mnt	0.0	1.0	placeholder
Zfp42_supp	Zfp42	0.0	1.0	placeholder
Tcf7_supp	Tcf7	0.0	1.0	placeholder
Tcf7l1_supp	Tcf7l1	0.0	1.0	placeholder
Bcl6b_supp	Bcl6b	0.0	1.0	placeholder
Elf2_supp	Elf2	0.0	1.0	placeholder
Elf4_supp	Elf4	0.0	1.0	placeholder
Nkx2-1_supp	Nkx2-1	0.0	1.0	placeholder
Zfp523_supp	Zfp523	0.0	1.0	placeholder
Sox10_supp	Sox10	0.0	1.0	placeholder
Zfp740_supp	Zfp740	0.0	1.0	placeholder
Runx1_supp	Runx1	0.0	1.0	placeholder
Pou6f1_supp	Pou6f1	0.0	1.0	placeholder
Osr1_supp	Osr1	0.0	1.0	placeholder
Tead1_supp	Tead1	0.0	1.0	placeholder
Hsf1_supp	Hsf1	0.0	1.0	placeholder
Creb3l4_supp	Creb3l4	0.0	1.0	placeholder
Patz1_supp	Patz1	0.0	1.0	placeholder
Maz_supp	Maz	0.0	1.0	placeholder
Zfp148_supp	Zfp148	0.0	1.0	placeholder
Sp5_supp	Sp5	0.0	1.0	placeholder
Hnf4a_supp	Hnf4a	0.0	1.0	placeholder
Hnf4g_supp	Hnf4g	0.0	1.0	placeholder
Mafk_supp	Mafk	0.0	1.0	placeholder
Nfya_supp	Nfya	0.0	1.0	placeholder
Nfyc_supp	Nfyc	0.0	1.0	placeholder
Tfap2a_supp	Tfap2a	0.0	1.0	placeholder
Tfap2c_supp	Tfap2c	0.0	1.0	placeholder
Esrra_supp	Esrra	0.0	1.0	placeholder
Rora_supp	Rora	0.0	1.0	placeholder
Esrrb_supp	Esrrb	0.0	1.0	placeholder
Esrrg_supp	Esrrg	0.0	1.0	placeholder
Mxi1_supp	Mxi1	0.0	1.0	placeholder
Mecom_supp	Mecom	0.0	1.0	placeholder
Atf3_supp	Atf3	0.0	1.0	placeholder
Fosl2_supp	Fosl2	0.0	1.0	placeholder
Satb1_supp	Satb1	0.0	1.0	placeholder
Rarg_supp	Rarg	0.0	1.0	placeholder
Prdm14_supp	Prdm14	0.0	1.0	placeholder
Nr1d2_supp	Nr1d2	0.0	1.0	placeholder
Abi3_supp	Abi3	0.0	1.0	placeholder
Hsf4_supp	Hsf4	0.0	1.0	placeholder
Zbtb12_supp	Zbtb12	0.0	1.0	placeholder
Zic2_supp	Zic2	0.0	1.0	placeholder
Zbtb7a_supp	Zbtb7a	0.0	1.0	placeholder
Hsf2_supp	Hsf2	0.0	1.0	placeholder
Hoxb13_supp	Hoxb13	0.0	1.0	placeholder
Cdx2_supp	Cdx2	0.0	1.0	placeholder
Hoxd13_supp	Hoxd13	0.0	1.0	placeholder
Nkx2-5_supp	Nkx2-5	0.0	1.0	placeholder
Rarb_supp	Rarb	0.0	1.0	placeholder
Rxrb_supp	Rxrb	0.0	1.0	placeholder
Rxrg_supp	Rxrg	0.0	1.0	placeholder
Crx_supp	Crx	0.0	1.0	placeholder
Alx4_supp	Alx4	0.0	1.0	placeholder
Lmx1b_supp	Lmx1b	0.0	1.0	placeholder
Batf3_supp	Batf3	0.0	1.0	placeholder
Hand2_supp	Hand2	0.0	1.0	placeholder
Zfp324_supp	Zfp324	0.0	1.0	placeholder
Plagl2_supp	Plagl2	0.0	1.0	placeholder
Glis2_supp	Glis2	0.0	1.0	placeholder
Thrb_supp	Thrb	0.0	1.0	placeholder
Zbtb7b_supp	Zbtb7b	0.0	1.0	placeholder
Zbtb7c_supp	Zbtb7c	0.0	1.0	placeholder
Klf3_supp	Klf3	0.0	1.0	placeholder
E2f7_supp	E2f7	0.0	1.0	placeholder
Tead2_supp	Tead2	0.0	1.0	placeholder
Tead4_supp	Tead4	0.0	1.0	placeholder
Pou4f2_supp	Pou4f2	0.0	1.0	placeholder
Nr2f1_supp	Nr2f1	0.0	1.0	placeholder
Plagl1_supp	Plagl1	0.0	1.0	placeholder
Insm1_supp	Insm1	0.0	1.0	placeholder
Mafb_supp	Mafb	0.0	1.0	placeholder
Cebpg_supp	Cebpg	0.0	1.0	placeholder
Srebf1_supp	Srebf1	0.0	1.0	placeholder
Srebf2_supp	Srebf2	0.0	1.0	placeholder
Irf6_supp	Irf6	0.0	1.0	placeholder
Nrg1_supp	Nrg1	0.0	1.0	placeholder
Rest_supp	Rest	0.0	1.0	placeholder
Zfp454_supp	Zfp454	0.0	1.0	placeholder
Rara_supp	Rara	0.0	1.0	placeholder
Zic5_supp	Zic5	0.0	1.0	placeholder
Ascl1_supp	Ascl1	0.0	1.0	placeholder
Myog_supp	Myog	0.0	1.0	placeholder
Bhlhe22_supp	Bhlhe22	0.0	1.0	placeholder
Rel_supp	Rel	0.0	1.0	placeholder
Rela_supp	Rela	0.0	1.0	placeholder
Nfkb1_supp	Nfkb1	0.0	1.0	placeholder
Nfkb2_supp	Nfkb2	0.0	1.0	placeholder
Lep_supp	Lep	0.0	1.0	placeholder
Irf9_supp	Irf9	0.0	1.0	placeholder
Irf4_supp	Irf4	0.0	1.0	placeholder
Irf5_supp	Irf5	0.0	1.0	placeholder
Sox11_supp	Sox11	0.0	1.0	placeholder
Sox4_supp	Sox4	0.0	1.0	placeholder
Gli1_supp	Gli1	0.0	1.0	placeholder
Gli2_supp	Gli2	0.0	1.0	placeholder
Nfyb_supp	Nfyb	0.0	1.0	placeholder
Gcm1_supp	Gcm1	0.0	1.0	placeholder
Mitf_supp	Mitf	0.0	1.0	placeholder
Bhlhe23_supp	Bhlhe23	0.0	1.0	placeholder
Atoh7_supp	Atoh7	0.0	1.0	placeholder
Neurog1_supp	Neurog1	0.0	1.0	placeholder
Creb1_supp	Creb1	0.0	1.0	placeholder
Zic4_supp	Zic4	0.0	1.0	placeholder
Zic1_supp	Zic1	0.0	1.0	placeholder
Irf2_supp	Irf2	0.0	1.0	placeholder
Sox8_supp	Sox8	0.0	1.0	placeholder
Nr2f2_supp	Nr2f2	0.0	1.0	placeholder
Nr4a1_supp	Nr4a1	0.0	1.0	placeholder
Zfp692_supp	Zfp692	0.0	1.0	placeholder
Trp53_supp	Trp53	0.0	1.0	placeholder
Trp73_supp	Trp73	0.0	1.0	placeholder
Sox17_supp	Sox17	0.0	1.0	placeholder
Ascl2_supp	Ascl2	0.0	1.0	placeholder
Myf6_supp	Myf6	0.0	1.0	placeholder
Nfib_supp	Nfib	0.0	1.0	placeholder
Nkx2-2_supp	Nkx2-2	0.0	1.0	placeholder
Twist1_supp	Twist1	0.0	1.0	placeholder
Rfx6_supp	Rfx6	0.0	1.0	placeholder
Msc_supp	Msc	0.0	1.0	placeholder
Dmrt1_supp	Dmrt1	0.0	1.0	placeholder
Esr2_supp	Esr2	0.0	1.0	placeholder
Tbx19_supp	Tbx19	0.0	1.0	placeholder
Nfatc1_supp	Nfatc1	0.0	1.0	placeholder
Nfatc4_supp	Nfatc4	0.0	1.0	placeholder
Mzf1_supp	Mzf1	0.0	1.0	placeholder
Dlx2_supp	Dlx2	0.0	1.0	placeholder
Dlx5_supp	Dlx5	0.0	1.0	placeholder
Zfp128_supp	Zfp128	0.0	1.0	placeholder
Foxd3_supp	Foxd3	0.0	1.0	placeholder
Pou1f1_supp	Pou1f1	0.0	1.0	placeholder
Meis2_supp	Meis2	0.0	1.0	placeholder
Tfap2b_supp	Tfap2b	0.0	1.0	placeholder
Tfap2e_supp	Tfap2e	0.0	1.0	placeholder
Nfatc2_supp	Nfatc2	0.0	1.0	placeholder
Nfatc3_supp	Nfatc3	0.0	1.0	placeholder
Bsx_supp	Bsx	0.0	1.0	placeholder
Prdm4_supp	Prdm4	0.0	1.0	placeholder
Alx1_supp	Alx1	0.0	1.0	placeholder
Mgp_supp	Mgp	0.0	1.0	placeholder
Bach2_supp	Bach2	0.0	1.0	placeholder
Fosl1_supp	Fosl1	0.0	1.0	placeholder
Junb_supp	Junb	0.0	1.0	placeholder
Jund_supp	Jund	0.0	1.0	placeholder
Fos_supp	Fos	0.0	1.0	placeholder
Jun_supp	Jun	0.0	1.0	placeholder
Klf13_supp	Klf13	0.0	1.0	placeholder
Pparg_supp	Pparg	0.0	1.0	placeholder
Zfp382_supp	Zfp382	0.0	1.0	placeholder
Pitx3_supp	Pitx3	0.0	1.0	placeholder
Six1_supp	Six1	0.0	1.0	placeholder
Six4_supp	Six4	0.0	1.0	placeholder
Srf_supp	Srf	0.0	1.0	placeholder
Lef1_supp	Lef1	0.0	1.0	placeholder
Noto_supp	Noto	0.0	1.0	placeholder
Vsx2_supp	Vsx2	0.0	1.0	placeholder
Stat6_supp	Stat6	0.0	1.0	placeholder
Zfp410_supp	Zfp410	0.0	1.0	placeholder
Isl1_supp	Isl1	0.0	1.0	placeholder
Zfp354a_supp	Zfp354a	0.0	1.0	placeholder
Smad2_supp	Smad2	0.0	1.0	placeholder
Hic2_supp	Hic2	0.0	1.0	placeholder
Mef2d_supp	Mef2d	0.0	1.0	placeholder
Vezf1_supp	Vezf1	0.0	1.0	placeholder
Snai2_supp	Snai2	0.0	1.0	placeholder
Snai3_supp	Snai3	0.0	1.0	placeholder
Nr4a2_supp	Nr4a2	0.0	1.0	placeholder
Grhl2_supp	Grhl2	0.0	1.0	placeholder
Zfp449_supp	Zfp449	0.0	1.0	placeholder
Sp2_supp	Sp2	0.0	1.0	placeholder
Sox5_supp	Sox5	0.0	1.0	placeholder
Sox6_supp	Sox6	0.0	1.0	placeholder
Sox13_supp	Sox13	0.0	1.0	placeholder
Sox9_supp	Sox9	0.0	1.0	placeholder
Zfp341_supp	Zfp341	0.0	1.0	placeholder
Rfx7_supp	Rfx7	0.0	1.0	placeholder
Batf_supp	Batf	0.0	1.0	placeholder
Bach1_supp	Bach1	0.0	1.0	placeholder
Nhlh2_supp	Nhlh2	0.0	1.0	placeholder
Nfia_supp	Nfia	0.0	1.0	placeholder
Pou4f3_supp	Pou4f3	0.0	1.0	placeholder
Esr1_supp	Esr1	0.0	1.0	placeholder
Hes1_supp	Hes1	0.0	1.0	placeholder
Dmrt3_supp	Dmrt3	0.0	1.0	placeholder
Nr1i3_supp	Nr1i3	0.0	1.0	placeholder
Sox21_supp	Sox21	0.0	1.0	placeholder
Isx_supp	Isx	0.0	1.0	placeholder
Tbp_supp	Tbp	0.0	1.0	placeholder
Zbtb32_supp	Zbtb32	0.0	1.0	placeholder
Snai1_supp	Snai1	0.0	1.0	placeholder
Maf_supp	Maf	0.0	1.0	placeholder
Mafa_supp	Mafa	0.0	1.0	placeholder
Glis3_supp	Glis3	0.0	1.0	placeholder
Nr3c1_supp	Nr3c1	0.0	1.0	placeholder
Nr3c2_supp	Nr3c2	0.0	1.0	placeholder
Msantd3_supp	Msantd3	0.0	1.0	placeholder
Meis1_supp	Meis1	0.0	1.0	placeholder
Foxk1_supp	Foxk1	0.0	1.0	placeholder
Foxo3_supp	Foxo3	0.0	1.0	placeholder
Foxa1_supp	Foxa1	0.0	1.0	placeholder
Foxq1_supp	Foxq1	0.0	1.0	placeholder
Otp_supp	Otp	0.0	1.0	placeholder
Barx2_supp	Barx2	0.0	1.0	placeholder
Gsc2_supp	Gsc2	0.0	1.0	placeholder
Sox15_supp	Sox15	0.0	1.0	placeholder
Rfx4_supp	Rfx4	0.0	1.0	placeholder
Pif1_supp	Pif1	0.0	1.0	placeholder
Mtf1_supp	Mtf1	0.0	1.0	placeholder
Hmbox1_supp	Hmbox1	0.0	1.0	placeholder
Rax_supp	Rax	0.0	1.0	placeholder
Arx_supp	Arx	0.0	1.0	placeholder
Lhx3_supp	Lhx3	0.0	1.0	placeholder
Pax7_supp	Pax7	0.0	1.0	placeholder
Pax3_supp	Pax3	0.0	1.0	placeholder
Arid3b_supp	Arid3b	0.0	1.0	placeholder
Pax1_supp	Pax1	0.0	1.0	placeholder
Pax9_supp	Pax9	0.0	1.0	placeholder
Pax2_supp	Pax2	0.0	1.0	placeholder
Relb_supp	Relb	0.0	1.0	placeholder
Figla_supp	Figla	0.0	1.0	placeholder
Pou2f1_supp	Pou2f1	0.0	1.0	placeholder
Pou2f2_supp	Pou2f2	0.0	1.0	placeholder
Pou3f1_supp	Pou3f1	0.0	1.0	placeholder
Pou3f2_supp	Pou3f2	0.0	1.0	placeholder
Pou3f4_supp	Pou3f4	0.0	1.0	placeholder
Six3_supp	Six3	0.0	1.0	placeholder
Nr2e1_supp	Nr2e1	0.0	1.0	placeholder
Onecut3_supp	Onecut3	0.0	1.0	placeholder
Tbx20_supp	Tbx20	0.0	1.0	placeholder
Atf2_supp	Atf2	0.0	1.0	placeholder
Bhlha15_supp	Bhlha15	0.0	1.0	placeholder
Phox2a_supp	Phox2a	0.0	1.0	placeholder
Nrl_supp	Nrl	0.0	1.0	placeholder
Hoxb9_supp	Hoxb9	0.0	1.0	placeholder
Hes7_supp	Hes7	0.0	1.0	placeholder
Glis1_supp	Glis1	0.0	1.0	placeholder
Hmx1_supp	Hmx1	0.0	1.0	placeholder
Hmx2_supp	Hmx2	0.0	1.0	placeholder
Lhx1_supp	Lhx1	0.0	1.0	placeholder
Emx2_supp	Emx2	0.0	1.0	placeholder
Evx2_supp	Evx2	0.0	1.0	placeholder
Gbx1_supp	Gbx1	0.0	1.0	placeholder
Lhx6_supp	Lhx6	0.0	1.0	placeholder
Mixl1_supp	Mixl1	0.0	1.0	placeholder
Ar_supp	Ar	0.0	1.0	placeholder
Rorc_supp	Rorc	0.0	1.0	placeholder
Runx3_supp	Runx3	0.0	1.0	placeholder
Jdp2_supp	Jdp2	0.0	1.0	placeholder
Nr1i2_supp	Nr1i2	0.0	1.0	placeholder
Cdx1_supp	Cdx1	0.0	1.0	placeholder
Rfx5_supp	Rfx5	0.0	1.0	placeholder
Nid1_supp	Nid1	0.0	1.0	placeholder
Nhlh1_supp	Nhlh1	0.0	1.0	placeholder
Twist2_supp	Twist2	0.0	1.0	placeholder
Hat1_supp	Hat1	0.0	1.0	placeholder
Spdef_supp	Spdef	0.0	1.0	placeholder
Hnf1a_supp	Hnf1a	0.0	1.0	placeholder
Dmbx1_supp	Dmbx1	0.0	1.0	placeholder
Gata1_supp	Gata1	0.0	1.0	placeholder
Nfil3_supp	Nfil3	0.0	1.0	placeholder
Hnf1b_supp	Hnf1b	0.0	1.0	placeholder
Dmrtc2_supp	Dmrtc2	0.0	1.0	placeholder
Hic1_supp	Hic1	0.0	1.0	placeholder
Camta1_supp	Camta1	0.0	1.0	placeholder
Olig1_supp	Olig1	0.0	1.0	placeholder
Hlf_supp	Hlf	0.0	1.0	placeholder
Tef_supp	Tef	0.0	1.0	placeholder
Gbx2_supp	Gbx2	0.0	1.0	placeholder
Arntl_supp	Arntl	0.0	1.0	placeholder
Tfec_supp	Tfec	0.0	1.0	placeholder
Usf2_supp	Usf2	0.0	1.0	placeholder
Arnt2_supp	Arnt2	0.0	1.0	placeholder
Bhlhe40_supp	Bhlhe40	0.0	1.0	placeholder
Bhlhe41_supp	Bhlhe41	0.0	1.0	placeholder
Mlx_supp	Mlx	0.0	1.0	placeholder
Mlxipl_supp	Mlxipl	0.0	1.0	placeholder
Tfe3_supp	Tfe3	0.0	1.0	placeholder
Tfeb_supp	Tfeb	0.0	1.0	placeholder
E2f8_supp	E2f8	0.0	1.0	placeholder
Zfx_supp	Zfx	0.0	1.0	placeholder
Creb3l1_supp	Creb3l1	0.0	1.0	placeholder
Npas2_supp	Npas2	0.0	1.0	placeholder
Clock_supp	Clock	0.0	1.0	placeholder
Sohlh2_supp	Sohlh2	0.0	1.0	placeholder
Zbtb33_supp	Zbtb33	0.0	1.0	placeholder
Zfp57_supp	Zfp57	0.0	1.0	placeholder
Elk4_supp	Elk4	0.0	1.0	placeholder
Hes5_supp	Hes5	0.0	1.0	placeholder
Hey1_supp	Hey1	0.0	1.0	placeholder
Hey2_supp	Hey2	0.0	1.0	placeholder
Rfx1_supp	Rfx1	0.0	1.0	placeholder
Rfx2_supp	Rfx2	0.0	1.0	placeholder
Rfx3_supp	Rfx3	0.0	1.0	placeholder
Sry_supp	Sry	0.0	1.0	placeholder
Creb3_supp	Creb3	0.0	1.0	placeholder
Xbp1_supp	Xbp1	0.0	1.0	placeholder
Lbx2_supp	Lbx2	0.0	1.0	placeholder
Prop1_supp	Prop1	0.0	1.0	placeholder
Cux1_supp	Cux1	0.0	1.0	placeholder
Cux2_supp	Cux2	0.0	1.0	placeholder
Atf6_supp	Atf6	0.0	1.0	placeholder
Prox1_supp	Prox1	0.0	1.0	placeholder
Trp63_supp	Trp63	0.0	1.0	placeholder
Cst6_supp	Cst6	0.0	1.0	placeholder
Bcl6_supp	Bcl6	0.0	1.0	placeholder
Npas4_supp	Npas4	0.0	1.0	placeholder
Yap1_supp	Yap1	0.0	1.0	placeholder
Atf7_supp	Atf7	0.0	1.0	placeholder
Creb5_supp	Creb5	0.0	1.0	placeholder
Hoxb3_supp	Hoxb3	0.0	1.0	placeholder
Ets2_supp	Ets2	0.0	1.0	placeholder
Cebpd_supp	Cebpd	0.0	1.0	placeholder
Runx2_supp	Runx2	0.0	1.0	placeholder
Pdp1_supp	Pdp1	0.0	1.0	placeholder
Hoxc13_supp	Hoxc13	0.0	1.0	placeholder
Arid5a_supp	Arid5a	0.0	1.0	placeholder
Mybl1_supp	Mybl1	0.0	1.0	placeholder
Hoxd11_supp	Hoxd11	0.0	1.0	placeholder
Hoxc12_supp	Hoxc12	0.0	1.0	placeholder
Hoxd12_supp	Hoxd12	0.0	1.0	placeholder
Cebpa_supp	Cebpa	0.0	1.0	placeholder
Nkx3-1_supp	Nkx3-1	0.0	1.0	placeholder
Crem_supp	Crem	0.0	1.0	placeholder
Gmeb1_supp	Gmeb1	0.0	1.0	placeholder
Elk3_supp	Elk3	0.0	1.0	placeholder
Elk1_supp	Elk1	0.0	1.0	placeholder
Erf_supp	Erf	0.0	1.0	placeholder
Ets1_supp	Ets1	0.0	1.0	placeholder
Etv3_supp	Etv3	0.0	1.0	placeholder
Etv4_supp	Etv4	0.0	1.0	placeholder
Etv5_supp	Etv5	0.0	1.0	placeholder
Fli1_supp	Fli1	0.0	1.0	placeholder
Etv6_supp	Etv6	0.0	1.0	placeholder
Far1_supp	Far1	0.0	1.0	placeholder
Tfdp1_supp	Tfdp1	0.0	1.0	placeholder
Ovol1_supp	Ovol1	0.0	1.0	placeholder
Ovol2_supp	Ovol2	0.0	1.0	placeholder
Etv2_supp	Etv2	0.0	1.0	placeholder
Nr2c1_supp	Nr2c1	0.0	1.0	placeholder
Pax5_supp	Pax5	0.0	1.0	placeholder
Hoxa11_supp	Hoxa11	0.0	1.0	placeholder
Grhl1_supp	Grhl1	0.0	1.0	placeholder
Meox1_supp	Meox1	0.0	1.0	placeholder
Pax6_supp	Pax6	0.0	1.0	placeholder
Lhx2_supp	Lhx2	0.0	1.0	placeholder
Alx3_supp	Alx3	0.0	1.0	placeholder
Hoxb7_supp	Hoxb7	0.0	1.0	placeholder
T_supp	T	0.0	1.0	placeholder
Smad3_supp	Smad3	0.0	1.0	placeholder
Smad5_supp	Smad5	0.0	1.0	placeholder
Rorb_supp	Rorb	0.0	1.0	placeholder
Zfp784_supp	Zfp784	0.0	1.0	placeholder
Sox12_supp	Sox12	0.0	1.0	placeholder
Hes6_supp	Hes6	0.0	1.0	placeholder
Dbp_supp	Dbp	0.0	1.0	placeholder
Camta2_supp	Camta2	0.0	1.0	placeholder
Onecut2_supp	Onecut2	0.0	1.0	placeholder
Arf4_supp	Arf4	0.0	1.0	placeholder
Hif1a_supp	Hif1a	0.0	1.0	placeholder
Mybl2_supp	Mybl2	0.0	1.0	placeholder
E2f2_supp	E2f2	0.0	1.0	placeholder
E2f3_supp	E2f3	0.0	1.0	placeholder
E2f4_supp	E2f4	0.0	1.0	placeholder
E2f1_supp	E2f1	0.0	1.0	placeholder
Hinfp_supp	Hinfp	0.0	1.0	placeholder
Barhl2_supp	Barhl2	0.0	1.0	placeholder
Hoxa9_supp	Hoxa9	0.0	1.0	placeholder
Hap1_supp	Hap1	0.0	1.0	placeholder
Cebpb_supp	Cebpb	0.0	1.0	placeholder
